Asset File Name,Release Date,Title,Blurb,Agency,Incident Date,Incident Location,Document type,Document Link,Image,Videos
lorem-report-001.pdf,01.12.2026,Lorem Ipsum Report Alpha,"Lorem ipsum dolor sit amet, consectetur adipiscing elit. Integer posuere erat a ante venenatis dapibus posuere velit aliquet.",Lorem Agency,12.28.2025,Lorem City,.pdf,https://example.com/lorem-report-001.pdf,https://media.defense.gov/2026/May/06/2003924935/-1/-1/0/260503-N-DO477-9117.JPG,
dolor-video-002.mp4,02.03.2026,Dolor Sit Amet Footage,"Sed posuere consectetur est at lobortis. Donec ullamcorper nulla non metus auctor fringilla.",Ipsum Bureau,01.16.2026,Ipsum Valley,.mp4,https://example.com/dolor-summary.pdf,https://media.defense.gov/2026/May/06/2003924935/-1/-1/0/260503-N-DO477-9117.JPG,https://example.com/dolor-video-002.mp4
amet-analysis-003.pdf,02.17.2026,Amet Consectetur Analysis,"Vestibulum id ligula porta felis euismod semper. Praesent commodo cursus magna vel scelerisque nisl consectetur.",Consectetur Office,02.01.2026,Amet Ridge,.pdf,https://example.com/amet-analysis-003.pdf,https://media.defense.gov/2026/May/06/2003924935/-1/-1/0/260503-N-DO477-9117.JPG,
adipiscing-image-004.jpg,03.01.2026,Adipiscing Elit Image Record,"Cras mattis consectetur purus sit amet fermentum. Maecenas sed diam eget risus varius blandit.",Dolor Command,02.11.2026,Elit Harbor,.jpg,https://example.com/adipiscing-image-004.jpg,https://media.defense.gov/2026/May/06/2003924935/-1/-1/0/260503-N-DO477-9117.JPG,
vitae-video-005.webm,03.12.2026,Vitae Ultricies Observation,"Curabitur blandit tempus porttitor. Nulla vitae elit libero a pharetra augue.",Ultricies Group,02.26.2026,Vitae Plains,.webm,,https://media.defense.gov/2026/May/06/2003924935/-1/-1/0/260503-N-DO477-9117.JPG,https://example.com/vitae-video-005.webm
integer-report-006.pdf,03.24.2026,Integer Posuere Briefing,"Donec sed odio dui. Aenean lacinia bibendum nulla sed consectetur.",Posuere Agency,03.02.2026,Integer Falls,.pdf,https://example.com/integer-report-006.pdf,https://media.defense.gov/2026/May/06/2003924935/-1/-1/0/260503-N-DO477-9117.JPG,
fermentum-video-007.mp4,04.06.2026,Fermentum Magna Footage,"Etiam porta sem malesuada magna mollis euismod. Vivamus sagittis lacus vel augue laoreet.",Magna Division,03.19.2026,Fermentum Point,.mp4,https://example.com/fermentum-summary.pdf,https://media.defense.gov/2026/May/06/2003924935/-1/-1/0/260503-N-DO477-9117.JPG,https://example.com/fermentum-video-007.mp4
ullamcorper-image-008.png,04.18.2026,Ullamcorper Nullam Imagery,"Morbi leo risus porta ac consectetur ac vestibulum at eros. Donec id elit non mi porta gravida.",Nullam Office,04.01.2026,Ullamcorper Basin,.png,https://example.com/ullamcorper-image-008.png,https://media.defense.gov/2026/May/06/2003924935/-1/-1/0/260503-N-DO477-9117.JPG,
dapibus-report-009.pdf,04.29.2026,Dapibus Mollis Record,"Aenean eu leo quam pellentesque ornare sem lacinia quam venenatis vestibulum.",Mollis Bureau,04.10.2026,Dapibus Crossing,.pdf,https://example.com/dapibus-report-009.pdf,https://media.defense.gov/2026/May/06/2003924935/-1/-1/0/260503-N-DO477-9117.JPG,
ridiculus-video-010.mov,05.11.2026,Ridiculus Mus Incident Video,"Nullam quis risus eget urna mollis ornare vel eu leo. Vestibulum id ligula porta felis euismod.",Ridiculus Command,04.22.2026,Mus Junction,.mov,,https://media.defense.gov/2026/May/06/2003924935/-1/-1/0/260503-N-DO477-9117.JPG,https://example.com/ridiculus-video-010.mov, gravida-report-011.pdf,05.19.2026,Gravida Egestas Briefing,"Praesent commodo cursus magna vel scelerisque nisl consectetur et. Integer posuere erat a ante venenatis dapibus.",Egestas Division,05.02.2026,Gravida Ridge,.pdf,https://example.com/gravida-report-011.pdf,https://media.defense.gov/2026/May/06/2003924935/-1/-1/0/260503-N-DO477-9117.JPG,

sollicitudin-video-012.mp4,05.28.2026,Sollicitudin Euismod Footage,"Donec ullamcorper nulla non metus auctor fringilla. Cras justo odio dapibus ac facilisis in egestas eget quam.",Euismod Bureau,05.14.2026,Sollicitudin Basin,.mp4,https://example.com/sollicitudin-summary.pdf,https://media.defense.gov/2026/May/06/2003924935/-1/-1/0/260503-N-DO477-9117.JPG,https://example.com/sollicitudin-video-012.mp4

phasellus-analysis-013.pdf,06.03.2026,Phasellus Vehicula Analysis,"Vestibulum id ligula porta felis euismod semper. Maecenas faucibus mollis interdum.",Vehicula Office,05.21.2026,Phasellus Range,.pdf,https://example.com/phasellus-analysis-013.pdf,https://media.defense.gov/2026/May/06/2003924935/-1/-1/0/260503-N-DO477-9117.JPG,

commodo-image-014.png,06.15.2026,Commodo Fringilla Image Set,"Aenean lacinia bibendum nulla sed consectetur. Curabitur blandit tempus porttitor.",Fringilla Command,05.30.2026,Commodo Station,.png,https://example.com/commodo-image-014.png,https://media.defense.gov/2026/May/06/2003924935/-1/-1/0/260503-N-DO477-9117.JPG,

ornare-report-015.pdf,06.27.2026,Ornare Sem Intelligence Record,"Morbi leo risus porta ac consectetur ac vestibulum at eros. Donec sed odio dui.",Ornare Agency,06.10.2026,Sem Harbor,.pdf,https://example.com/ornare-report-015.pdf,https://media.defense.gov/2026/May/06/2003924935/-1/-1/0/260503-N-DO477-9117.JPG,

tellus-video-016.webm,07.05.2026,Tellus Pellentesque Observation,"Etiam porta sem malesuada magna mollis euismod. Sed posuere consectetur est at lobortis.",Pellentesque Group,06.18.2026,Tellus Valley,.webm,,https://media.defense.gov/2026/May/06/2003924935/-1/-1/0/260503-N-DO477-9117.JPG,https://example.com/tellus-video-016.webm

elementum-report-017.pdf,07.16.2026,Elementum Bibendum Dossier,"Nulla vitae elit libero a pharetra augue. Vestibulum id ligula porta felis euismod semper.",Bibendum Office,06.29.2026,Elementum Crossing,.pdf,https://example.com/elementum-report-017.pdf,https://media.defense.gov/2026/May/06/2003924935/-1/-1/0/260503-N-DO477-9117.JPG,

venenatis-image-018.jpg,07.28.2026,Venenatis Ultricies Photo Archive,"Cras mattis consectetur purus sit amet fermentum. Donec id elit non mi porta gravida.",Ultricies Bureau,07.11.2026,Venenatis Ridge,.jpg,https://example.com/venenatis-image-018.jpg,https://media.defense.gov/2026/May/06/2003924935/-1/-1/0/260503-N-DO477-9117.JPG,

porttitor-video-019.mov,08.09.2026,Porttitor Aenean Incident Reel,"Integer posuere erat a ante venenatis dapibus posuere velit aliquet. Aenean eu leo quam.",Aenean Division,07.22.2026,Porttitor Junction,.mov,,https://media.defense.gov/2026/May/06/2003924935/-1/-1/0/260503-N-DO477-9117.JPG,https://example.com/porttitor-video-019.mov

curabitur-report-020.pdf,08.21.2026,Curabitur Risus Field Assessment,"Vivamus sagittis lacus vel augue laoreet rutrum faucibus dolor auctor. Donec ullamcorper nulla non metus auctor fringilla.",Risus Command,08.03.2026,Curabitur Plains,.pdf,https://example.com/curabitur-report-020.pdf,https://media.defense.gov/2026/May/06/2003924935/-1/-1/0/260503-N-DO477-9117.JPG,